,Project #,Project Title,Recipient Project #,Latest Date,Earliest Autho,Obligated Amount,Amount Expended,Unexpended Balance,No Acty,Inactive Y/N,PED (FMIS),WHO,FEP,PM,FUNDING,6/1 HOLD,Phase,PROGRAM,Dist/ Division,Notes
Current,,,,,,,,"$7,360,995.99",,,,"3,083,965.53",,,,,,,,"630,064.91"
C,0003 527,WHITESVILLE - RALEIGH COUNTY LINE,S3030030039050023,8/7/2025,07/27/2023,"$6,000.00",$0.00,"$6,000.00",13,Y,08/28/2026,MR,N/A,,80F/20S,YES,EN,2023030019,D1,NOT RETURNABLE - CLOSE 10/15
C,0003 554,CAMP CREEK OVERPASS NO. 2 +1,S328003004700,05/16/2025,8/20/2024,"$8,000.00",$0.00,"$8,000.00",16,Y,12/28/2028,MR,N/A,,80F/20S,YES,RW,2023280033,D10,NOT RETURNABLE - CLOSE 10/15
A,0004 205,CLAY JUNCTION T-BEAM,S308- 004/00 10.82 00 23,9/18/2025,08/21/2023,"$40,000.00",$29.37,"$39,970.63",12,Y,12/28/2029,ACTIVE,N/A,,80F/20S,,EN,2023080004,D1,
A,0007 379,GARRETT FORK BRIDGE,S323007001430,8/21/2025,11/04/2024,"$160,000.00",$29.31,"$159,970.69",13,Y,09/28/2028,ACTIVE,N/A,,80F/20S,NO - Y113,EN,2023230017,D2,
A,0010 299,CHAPMANVILLE CURB RAMPS,S32310329400,6/12/2025,06/06/2023,"$462,284.41","$462,253.19",$31.22,15,Y,01/28/2029,ACTIVE,Y,,80F/20S,YES,CN,2020000872,D2,FEP 9/11/25
C,0011 182,MEADOW LANE TRAFFIC SIGNAL,U30211151600,8/14/2025,12/14/2022,"$36,000.00","$4,364.29","$31,635.71",13,Y,12/30/2026,AF,N/A,,90F/10S,YES,RW,2021000078,D5,NOT RETURNABLE - CLOSE 10/15
C,0011 205,2024 D5 GUARDRAIL PROJECT,U385011000000,9/11/2025,05/09/2024,"$610,146.13","$561,273.47","$48,872.66",12,Y,04/28/2028,AF,Y,,100% FED,,CN,2023850012,D5,NOT RETURNABLE - CLOSE 10/15
C,0012 056,BRADSHAW CREEK BRIDGE,S3451212100,9/18/2025,03/22/2022,"$45,000.00","$24,055.81","$20,944.19",12,Y,03/28/2027,TA,N/A,,TOLL CREDIT,,RW,2016000976,DD,NOT RETURNABLE - CLOSE 10/15
A,0012 084,NORTH FORK TOMLINSON RUN BR,S315012002320,8/26/2025,08/26/2025,"$71,200.00",$0.00,"$71,200.00",13,Y,01/28/2031,ACTIVE,N/A,,80F/20S,YES -Y233,RW,2023150005,D6,
A,0014 182,WV 14 ADA +4,U383 ADA 23 00,05/08/2025,5/4/2023,"$199,784.00","$199,300.99",$483.01,16,Y,08/25/2028,ACTIVE,N,,80F/20S,YES,CN,2020000968,D3,
C,0016 354,ROBERT C. BYRD DRIVE +1,S341016001544,7/11/2025,12/21/2023,"$16,000.00","$12,944.18","$3,055.82",14,Y,06/28/2027,AF,N/A,GRAHAM LESLIE A,80F/20S,YES,EN,2023410019,D10,NOT RETURNABLE - CLOSE 10/15
C,0016 400,NEWHALL ARCH #1,S3241664000,9/25/2025,10/31/2022,"$285,603.55","$229,936.64","$55,666.91",12,Y,12/28/2028,TA,Y,JARRELL STEPHEN R,100% FED,,CN,2017001581,D10,FEP 3/4/25
C,0019 518,2024 D9 GUARDRAIL PROJECT,U389- 019/00 0.00 00 23,8/14/2025,08/11/2023,"$18,000.00","$5,229.52","$12,770.48",13,Y,10/28/2028,AF,N/A,,90F/10S,,EN,2023890009,D9,NOT RETURNABLE - CLOSE 10/15
A,0019 609,SHADY SPRING-BEAVER MITIGATION,X341MITIG0023,7/11/2025,05/12/2023,"$232,000.00",$279.14,"$231,720.86",14,Y,03/10/2027,ACTIVE,N/A,CONLEY-RINEHART LAURA A,80F/20S,NO - 8/14,OT,2023410016,DS,
A,0021 436,US ARMY 2LT CLARENCE DRAGOO MEM BR,S21821215100,9/4/2025,06/07/2021,"$320,000.00","$250,310.31","$69,689.69",12,Y,06/28/2027,ACTIVE,N/A,LOWTHER CHAD S,80F/20S,YES,EN,2020000648,DD,CL should be coming
A,0022 075,US 22 MAINLINE BRIDGE,S33052204400,4/10/2025,03/31/2022,"$360,000.00","$357,664.32","$2,335.68",17,Y,05/28/2026,ACTIVE,N/A,,80F/20S,NO,EN,2020000603,DD,Audit was back on 11/19/2024. DOH is owed money
C,0026 053,BERGOO ROAD ARCH,S3512635900,6/12/2025,02/01/2023,"$49,600.00","$32,031.65","$17,568.35",15,Y,06/28/2027,AF,N/A,,80F/20S,YES,RW,2016000984,D7,NOT RETURNABLE - CLOSE 10/15
A,0027 053,PAX BRANCH ROAD #2 RR XX,US310027002590023,7/24/2025,05/08/2023,"$114,785.00","$105,978.40","$8,806.60",14,Y,12/28/2026,ACTIVE,N,,100% FED,YES,CN,2023100012,D9,8/17-Project can't be closed per Ashley Midkiff
C,0028 094,KEYSER AVE/KLUNICE CK TRAFFIC SIGNAL,S312-28-12.58 SEC 00,8/28/2025,02/13/2023,"$262,061.33","$222,803.97","$39,257.36",13,Y,01/28/2027,AF,Y,,80F/20S,YES,CN,2020000384,D5,NOT RETURNABLE - CLOSE 10/15
A,0032 048,CORTLAND RD - CANAAN HEIGHTS,S3470321000,9/25/2025,10/24/2024,"$8,000.00","$5,347.61","$2,652.39",12,Y,03/28/2029,ACTIVE,N/A,,80F/20S,,EN,2023470016,D8,
C,0040 049,MONUMENT PLACE BR,S3354066500,05/22/2025,7/8/2020,"$4,579,882.71","$3,778,866.10","$1,016.61",16,Y,11/07/2025,AF,Y,LOWTHER CHAD S,TOLL CREDIT,YES,CN,2000001398,D6,FEP 4/28/25
C,0050 459,JUNCTION BRIDGE,S314050001580,9/11/2025,03/11/2024,"$34,400.00","$15,494.38",,12,Y,12/28/2029,DP,N/A,,80F/20S,NO - Y113,EN,2023140008,D5,JVC 27*618
A,0052 334,NICK JOE RAHALL II BRIDGE,T606-52-0.02 SEC 00,3/27/2025,05/21/2019,"$504,136.00","$497,096.09","$7,039.91",18,Y,12/28/2028,ACTIVE,N/A,,80F/20S,NO,EN,2018000820,D2,
C,0052 380,"USMC LCPL JULIUS C. ""CORKY"" FOSTER MEMORIAL BRIDGE",S3240520020040023,8/14/2025,04/12/2023,"$60,000.00","$14,392.89","$45,607.11",13,Y,05/28/2026,AF,N/A,,80F/20S,YES,EN,2023240015,D10,NOT RETURNABLE - CLOSE 10/15
A,0052 382,COALDALE CULVERT SLAB,S32805200140023,9/25/2025,04/28/2023,"$141,034.40","$63,157.84","$77,876.56",12,Y,09/28/2027,ACTIVE,N/A,,80F/20S,,EN,2023280010,D10,
A,0052 400,KING COAL HIGHWAY CORRIDOR MANAGEMENT,T699-KCH/CM-20.00 SEC 00,9/18/2025,03/08/2022,"$240,000.00","$237,458.35","$2,541.65",12,Y,12/28/2025,ACTIVE,N/A,,80F/20S,,EN,2019000709,"99:SW, DD","LI emailed Lisa Garretson 9/11. On 9/14, she told ELR we need final inv. ASAP."
A,0054 038,WILCOX MEM BR +2,S3555414400,05/08/2025,4/27/2022,"$92,000.00","$60,404.40","$31,595.60",16,Y,12/28/2026,ACTIVE,N/A,SUHIRTHARATNASINGAM NIMAL,80F/20S,YES,EN,2021000792,OM,
A,0054 043,CAPTAIN CHARLES H. FELLER MEMORIAL BRIDGE,S355054001250,2/28/2025,02/27/2025,"$20,000.00",$0.00,"$20,000.00",19,Y,06/28/2029,ACTIVE,N/A,,80F/20S,YES,RW,2023550010,D10,
C,0060 429,US 60 MIDLAND TRAIL TRAFFIC SIGNALS (3),U306060009260,8/14/2025,09/19/2023,"$7,680.00","$4,181.62","$3,498.38",13,Y,12/28/2026,AF,N/A,,80F/20S,YES,EN,2023060033,OS,NOT RETURNABLE - CLOSE 10/15
A,0060 434,US 60/NEWMAN’S BRANCH ROAD INTERSECTION STUDY,S206- 060/00 21.63 00 23,8/7/2025,08/28/2023,"$80,000.00","$79,620.71",$379.29,13,Y,12/31/2027,ACTIVE,N/A,,PYGO,,OT,2023060056,PR,
A,0060 447,US 60 PIPE BORE,S3066097000,9/11/2025,07/15/2024,"$56,000.00","$15,626.12","$40,373.88",12,Y,10/28/2027,ACTIVE,N/A,,80F/20S,,RW,2018000779,D2,
C,0064 427,MARY DRAPER INGLES BRIDGE,S345064001380100,8/14/2025,01/30/2023,"$45,000.00","$13,005.99","$31,994.01",13,Y,12/28/2026,AF,N/A,,90F/10S,YES,EN,2022450009,OM,NOT RETURNABLE - CLOSE 10/15
A,0064 485,WAVE POOL BRIDGES,S340064346200,9/25/2025,04/22/2024,"$33,300.00","$20,282.12","$13,017.88",12,Y,03/28/2029,ACTIVE,N/A,,90F/10S,,EN,2024400003,D1,
A,0077 140,I-77 POCATALICO RIVER BRIDGES,S32007700114590023,9/25/2025,05/12/2023,"$342,000.00","$212,244.21","$129,755.79",12,Y,08/28/2027,ACTIVE,N/A,,90F/10S,,EN,2023200035,D1,
A,0079 095,COOKMAN FORK CULVERT N,S344079003408,9/25/2025,02/27/2025,"$9,000.00","$5,774.36","$3,225.64",12,Y,10/28/2028,ACTIVE,N/A,,90F/10S,,RW,2023440002,D3,
A,0079 112,I-79 CLENDENIN I/C BRIDGES NB & SB,S3200790019220023,7/11/2025,05/12/2023,"$225,000.00","$147,793.81","$77,206.19",14,Y,02/28/2028,ACTIVE,N/A,,90F/10S,NO,EN,2023200045,D1,
C,0104 019,WV 104 TRAFFIC SIGNALS (5),U328104000000,9/25/2025,05/30/2024,"$18,240.00","$14,695.39","$3,544.61",12,Y,08/28/2027,AF,N/A,,80F/20S,,EN,2023280031,OS,NOT RETURNABLE - CLOSE 10/15
A,0106 040,EAST HUNTINGTON BRIDGE - CABLE TESTING,S306106000670,8/7/2025,08/01/2023,"$430,320.00","$430,161.39",$158.61,13,Y,12/28/2027,ACTIVE,N/A,,80F/20S,,OT,2022060035,OM,
C,0115 087,JEFFERSON AVE TURN LANE & TRAFFIC SIGNAL,U319115006400022,6/12/2025,04/25/2023,"$8,000.00","$7,427.55",$572.45,15,Y,07/28/2026,AF,N/A,,80F/20S,YES,EN,2022190006,D5,NOT RETURNABLE - CLOSE 10/15
C,0119 491,US 119 SOUTH TRAFFIC SIGNALS,U323119000000,9/25/2025,01/03/2024,"$28,640.00","$26,746.63","$1,893.37",12,Y,03/28/2028,TA,N/A,,80F/20S,,EN,2023230025,OS,NOT RETURNABLE - CLOSE 10/15
A,0187 031,LEMASTER BR,S24818737600,7/11/2025,06/03/2009,"$124,000.00","$80,431.74","$43,568.26",14,Y,12/31/2026,ACTIVE,N/A,,80F/20S,YES,EN,2009000435,DS,
A,0209 007,ANDREW SCOTT MEMORIAL BRIDGE,S32820900900,9/25/2025,06/29/2022,"$457,240.00","$419,456.66","$37,783.34",12,Y,10/28/2027,ACTIVE,N/A,TOLAYMAT FERAS,80F/20S,,EN,2020000616,DD,
C,0219 387,POCAHONTAS ADA RAMPS + 2,U33821900000,3/6/2025,02/14/2023,"$329,592.07","$300,883.30","$28,708.77",18,Y,11/02/2026,LI,Y,,80F/20S,YES,CN,2020000973,D8,NOT RETURNABLE - CLOSE 10/15
A,0219 426,PHEASANT MNT RD - CLOVER RUN RD,S34221949400,9/11/2025,05/02/2024,"$8,000.00","$6,391.91","$1,608.09",12,Y,03/28/2029,ACTIVE,N/A,,80F/20S,,EN,2024420005,D8,
A,0220 234,CSA CAPTAIN JOHN HANSON MCNEILL MEMORIAL BRIDGE,S316220001299,7/11/2025,07/15/2024,"$12,000.00","$5,974.36","$6,025.64",14,Y,12/28/2029,ACTIVE,N/A,,80F/20S,,EN,2023160007,D5,
C,0340 084,US 340 LTL EXTENSION @ CLOVERDALE RD,U31934050200,8/7/2025,04/11/2025,"$12,000.00","$1,283.61","$10,716.39",13,Y,12/26/2028,,N/A,,80F/20S,YES,EN,2024190016,D5,NOT RETURNABLE - CLOSE 10/15
C,0455 075,MEADOW LANE ROUNDABOUT,U30245504500,6/20/2025,05/25/2023,"$584,505.49","$572,874.82","$11,630.67",15,Y,06/28/2028,TA,Y,,80F/20S,YES,CN,2021000795,D5,NOT RETURNABLE - CLOSE 10/15
C,0484 129,COR H,X142-H-38.99,9/11/2025,06/01/1997,"$7,109,000.00","$6,624,116.93","$16,883.07",12,Y,06/30/2026,,N/A,,80F/20S,YES,EN,1998013503,DD,CL IN DRAFT
A,0484 326,KERENS - US 219 CONNECTOR PAVING,X342H402106,8/8/2024,08/04/2020,"$20,077,794.05","$20,077,794.05",$0.00,25,Y,03/28/2028,ACTIVE,N,,100% FED,NA $0,CN,2015001027,D8,This is $0 for Federal. PYrl chrge doesn't do it
A,0484 337,US 219 - WV 72 I/C,X342H402110,7/24/2025,08/23/2023,"$12,000,000.00","$12,000,000.00",$0.00,14,Y,02/28/2030,ACTIVE,N,,GRANT?,NA $0,CN,2020000028,D8,This is $0 for Federal. PYrl chrge doesn't do it
C,0510 004,BURNSVILLE T-BEAM BR,S304-5/10-0.67 SEC 00,9/18/2025,03/17/2021,"$77,600.00","$10,741.57","$66,858.43",12,Y,02/28/2028,TA,N/A,LOWTHER CHAD S,80F/20S,Z233,RW,2020000382,DD,NOT RETURNABLE - CLOSE 10/15
A,0522 045,BERKELEY SPRINGS BYPASS,U333522119202,3/30/2023,07/23/2020,"$20,000,000.00","$20,000,000.00",$0.00,42,Y,10/31/2029,ACTIVE,N,BUILD GRANT,FED 100%,,CN,2017001276,D5,This is $0 for Federal. PYrl chrge doesn't do it
A,0522 048,BERKELEY SPRINGS BYPASS MITIGATION,u333-522-11.92 06,9/11/2025,06/28/2022,"$1,200,000.00","$946,817.95","$253,182.05",12,Y,06/28/2026,ACTIVE,N/A,,80F/20S,,CN,2022330002,D5,
A,0641 399,US35/I-64 I/C- NITRO I/C,U34064413700,8/22/2024,09/12/2019,"$69,683,659.81","$69,683,659.80",$0.01,25,Y,04/28/2029,ACTIVE,N,,,,CN,2006000303,D1,ONE CENT NEEDS BILLED ON FP17
A,0705 019,MORGANTOWN PEDESTRIAN IMPROVEMENT,S231-705-0.00 SEC 00,9/18/2025,08/25/2019,"$691,200.00","$301,912.31","$389,287.69",12,Y,12/28/2027,ACTIVE,N/A,,90F/10S,,EN,2019000303,D4,NOT RETURNABLE - CLOSE 10/15
A,0817 007,AMANDAVILLE - PUTNAM COUNTY LIN,S340817000,4/10/2025,08/08/2024,"$8,000.00","$7,740.91",$259.09,17,Y,06/28/2029,ACTIVE,N,,80F/20S,,EN,2024400012,D1,
A,0930 044,NEW GM ACCESS ROAD BR,S302009300100,05/28/2025,5/27/2025,"$16,000.00",$0.00,"$16,000.00",16,Y,05/28/2030,ACTIVE,N/A,,80F/20S,,RW,2023020006,D5,
C,1191 012,BG RUN ROAD RR XX,U301119151290,4/10/2025,05/08/2023,"$84,563.00","$83,587.98",$975.02,17,Y,12/28/2026,TA,N/A,,100% FED,NO,CN,2023010003,D7,NOT RETURNABLE - CLOSE 10/15
C,1194 488,CORDER RX LIGHTS,U301 119 147300,4/10/2025,08/29/2022,"$5,400.00","$4,965.97",$434.03,17,Y,05/28/2026,TA,N/A,,90F/10S,YES,CN,2021000815,D7,NOT RETURNABLE - CLOSE 10/15
A,1670 001,FOURTH STREET ARCH BR,S321N16700020,3/27/2025,10/30/2015,"$863,200.00","$812,035.50","$51,164.50",18,Y,12/28/2026,ACTIVE,N/A,TIMOTHY PRIDDY,80F/20S,,EN,2013001238,D7,
A,1771 002,HAYMOND HIGHWAY BRIDGE,S317771000050,9/11/2025,03/26/2024,"$40,000.00","$5,669.05","$34,330.95",12,Y,08/28/2027,ACTIVE,N/A,AHMAD DIRAR M,BRIDGE CREDIT,,RW,2023170050,DD,
A,1920 003,STONE RUN RX,U304192000100,6/20/2025,08/25/2022,"$105,750.00","$97,192.78","$8,557.22",15,Y,09/28/2026,ACTIVE,N,,90F/10S,,CN,2021000816,D7,
A,1946 001,DEPOT ROAD RR XX,U304019460040,6/20/2025,04/24/2024,"$145,495.80","$137,729.61","$7,766.19",15,Y,12/28/2026,ACTIVE,N,,90F/10S,,CN,2023040005,D7,
A,2011 177,ST. ALBANS STREETSCAPE,U320STALB702,7/25/2024,12/23/2015,"$150,155.00","$11,346.33","$138,808.67",26,Y,12/31/2026,ACTIVE,N/A,RHONDA BRISENDINE,PYGO,,CN,2011001569,PR,SPIN OFF BLANKET PROJECT
A,2012 537,SISTERSVILLE FERRY,T648FERRY400,12/19/2024,11/20/2013,"$131,201.00","$45,098.22","$86,102.78",21,Y,12/28/2029,ACTIVE,N/A,ROB SCOULAR,TOLL CREDITS,,EN,2011001083,PR,
A,2012 594,CHAS WASHINGTON ST W STREETSCAPE,U320-CHA/S-2.,7/18/2024,09/09/2013,"$60,316.04","$59,144.18","$1,171.86",26,Y,07/04/2027,ACTIVE,N/A,RHONDA BRISENDINE,DEPOSIT,,EN,2013000599,PR,Deposit brought over from REMIS on conversion
A,2012 695,WV NORTHERN RAIL TRL ACQUISTION,X384WVNRT100,7/24/2025,12/10/2019,"$638,943.00","$540,076.41","$98,866.59",14,Y,09/28/2025,ACTIVE,N,MCCLANAHAN SCOTT B,DEPOSIT,,CN,2014000256,"D4, PR",LI emailed Travis 9/10/26 to check status
A,2014 191,HUNTINGTON PATH IMPROVEMENTS,U306HUNTI1900,8/14/2025,09/25/2018,"$190,420.00","$190,200.37",$219.63,13,Y,01/28/2027,ACTIVE,N/A,DOUGHTERY MARTIN E,TOLL CREDIT,,EN,2015000576,PR,
A,2015 247,THOMAS RIVERFRONT TRL BR,U347THORV100,9/12/2024,09/18/2016,"$55,465.36","$55,465.36",$0.00,24,Y,12/31/2028,reOpen,N/A,OSAYABA SHARONNIA M,TOLL CREDITS,,EN,2016000673,PR,
A,2015 255,WINFIELD DOWNTOWN STRTSCPE,U340WINFI200,2/8/2024,07/30/2019,"$129,978.00","$125,221.45","$4,756.55",31,Y,12/28/2027,ACTIVE,N/A,KYLE OLIVER,TOLL CREDITS,,EN,2016000775,PR,1/2 Preparing Supplemental agreement. Project is requiring additional design.  
A,2016 323,SALEM SIDEWALK PHASE I,U317SALEM100,9/18/2025,12/19/2018,"$71,647.63","$55,899.52","$15,748.11",12,Y,04/30/2027,ACTIVE,N,NUNNALLY KYLENA C,TOLL CREDIT,,EN,2017000121,PR,
A,2016 331,RICHWOOD SIDEWALK DESIGN,U334RICHW100,11/7/2024,02/08/2018,"$150,391.64","$147,972.56","$2,419.08",22,Y,06/28/2027,ACTIVE,N/A,KYLE OLIVER,TOLL CREDITS,,EN,2017000133,PR,
A,2016 339,GUYANDOTTE WATER TRAIL ACCESS,U322GUYAN100,3/6/2025,09/13/2023,"$52,926.40","$50,478.31","$2,448.09",18,Y,12/28/2028,ACTIVE,N/A,SCOTT MCCLANAHAN,,,EN,2017000157,PR,
A,2017 091,SKID TESTING 2017,T699SKID500,9/25/2025,06/21/2017,"$218,300.00","$158,994.91","$59,305.09",12,Y,09/30/2025,ACTIVE,N/A,,80F/20S,,EN,2017000201,OS,LI emailed Missy 9/10/26 to check status/
A,2017 172,WEST UNION SIDEWALKS,U309WESTU200,3/13/2025,11/23/2020,"$107,755.00",$26.82,"$107,728.18",18,Y,12/28/2030,ACTIVE,N/A,RHONDA BRISENDINE,TOLL CREDITS,,EN,2017001572,PR,LI emailed Rhonda & Travis 5/11/26. He said new consultant was assigned and Rhonda will extend PED.
A,2017 186,CHARLES TOWN AUGUSTINE AVE,U319CHARL200,10/17/2024,04/28/2022,"$116,560.88","$93,078.30","$23,482.58",23,Y,06/28/2027,ACTIVE,N/A,KYLE OLIVER,80F/20S,,EN,2018001095,PR,
A,2018 202,CITY ST - ARLINGTON BLVD,S306ARLBV100,7/24/2025,05/24/2021,"$200,000.00","$98,197.15","$101,802.85",14,Y,06/30/2026,ACTIVE,N/A,,PYGO,,EN,2019000278,PR,
C,2018 215,DUNKARD AVE SIDWALKS PHASE V,U331 MONON 6 04,12/6/2024,08/01/2022,"$41,202.48","$41,202.47",$0.01,21,Y,12/28/2026,TS,N/A,KYLENA NUNALLY,DEPOSIT,YES,EN,2019000431,PR,NOT RETURNABLE - CLOSE 10/15
A,2018 241,LOUDOUN HEIGHTS AT RELOCATION,U319LOUDO100,6/26/2025,08/02/2021,"$40,000.00","$8,898.50","$31,101.50",15,Y,07/30/2026,ACTIVE,N,SCOULAR ROBERT M,IN KIND,,CN,2019000702,PR,
A,2018 261,FAIRMONT SRTS TRAFFIC CALMING,U325FAIRM900,8/15/2024,04/27/2022,"$33,813.60","$4,207.36","$29,606.24",25,Y,12/28/2025,ACTIVE,N/A,KYLE OLIVER,PYGO,,CN,2019000755,PR,LI emailed Travis & Heather 5/01/26 to join a Google Meet on 5/04 RE: if project can close
C,2019 174,ATMS & 511 MNTNCE 2019,U399ATMS1900,7/11/2025,07/30/2019,"$3,920,000.00","$1,873,622.62","$46,377.38",14,Y,12/31/2025,AF,N,,80F/20S,YES,CN,2019000346,"99:SW, OS",FR1
A,2019 249,MOUNTWOOD PARK FLOW TRAIL,U354MOUNT300,4/1/2025,04/01/2025,"$48,000.00",$0.00,"$48,000.00",17,Y,12/28/2029,ACTIVE,N/A,MCCLANAHAN SCOTT B,DEPOSIT,,EN,2023540020,PR,
C,2019 300,DANVILLE PARK AVE SIDEWALKS,U303DANVI100,3/6/2025,04/28/2023,"$72,410.40","$39,272.08","$33,138.32",18,Y,11/29/2027,TS,N/A,RHONDA BRISENDINE,DEPOSIT,YES,EN,2020001172,PR,NOT RETURNABLE - CLOSE 10/15
A,2020 067,STATEWIDE POLLINATOR MITIGATION,S399POLMI2000,05/15/2025,6/17/2020,"$42,400.00","$24,283.83","$18,116.17",16,Y,01/01/2029,ACTIVE,N/A,,80F/20S,,EN,2020000160,DS,
A,2020 232,MARMET LENS CREEK RD,U320MARMT100,05/22/2025,5/20/2022,"$56,594.40","$56,337.27",$257.13,16,Y,12/28/2028,ACTIVE,N/A,BRISENDINE RHONDA K,DEPOSIT,,EN,2021000760,PR,
C,2020 233,CHEAT MTN S. MOWER - SNOWSHOE,U338CHEAT300,10/17/2024,04/28/2022,"$150,000.00","$119,976.17","$30,023.83",23,Y,07/28/2026,JH,N/A,SCOTT MCCLANAHAN,In Kind,YES,CN,2021000771,PR,7/27/26 - HAD IMPROMPTU MEETING WITH PLANNING. JENNIFER BALLARD GETTING BACKUP.
C,2020 234,CHEAT MTN & N MOWER PA2,U342CHEAT200,10/17/2024,04/27/2022,"$150,000.00","$119,996.62","$30,003.38",23,Y,07/28/2026,JH,N,SCOTT MCCLANAHAN,In Kind,YES,CN,2021000772,PR,7/27/26 - HAD IMPROMPTU MEETING WITH PLANNING. JENNIFER BALLARD GETTING BACKUP.
A,2020 240,BUFFALO MAIN ST,U340BUFFA200,9/25/2025,12/21/2023,"$56,952.00","$28,476.00","$28,476.00",12,Y,12/31/2030,ACTIVE,N/A,BRISENDINE RHONDA K,DEPOSIT,,EN,2021000848,PR,
C,2020 244,VILLAGE OF BETHLEHEM COM PK TRAIL,U335 BETHL 1 00,2/27/2025,08/17/2022,"$64,000.00","$62,579.51","$1,420.49",19,Y,12/28/2027,JH,N,SHARONNIA OSAYABA,IN KIND,YES,CN,2021000853,PR,FR1
C,2020 431,MORGANTOWN MUNICIPAL AIRPORT STREETSCAPE,U331MORGA2100,7/24/2025,08/01/2022,"$80,000.00","$79,492.81",$507.19,14,Y,12/31/2027,TS,N/A,NUNNALLY KYLENA C,DEPOSIT,YES,EN,2021310001,PR,
A,2021 453,CAMERON SIDEWALK REPAIR,U326CAMER100,05/08/2025,3/11/2024,"$22,400.00","$8,000.00","$14,400.00",16,Y,12/28/2028,ACTIVE,N/A,NUNNALLY KYLENA C,DEPOSIT,,EN,2022260003,PR,
C,2021 455,FALLS TRAIL IMPROVEMENTS AND INTERPRETIVE SIGNAGE,U355FALLS100,05/08/2025,5/18/2023,"$16,000.00","$12,800.01","$3,199.99",16,Y,01/28/2027,JH,N,OSAYABA SHARONNIA M,PYGO,YES,CN,2022550010,PR,8/3/26 - EMAILED PLANNING AGAIN - POSSIBLY HAVE TO INVOICE SPONSOR.
A,2021 463,JOHN HENRY HISTORICAL PARK WALKING BRIDGE,U345JOHNH100,7/25/2024,05/04/2023,"$40,000.00","$10,000.00","$30,000.00",26,Y,12/28/2026,ACTIVE,N/A,SCOTT MCCLANAHAN,DEPOSIT,,EN,2022450001,PR,9/17-program review TEMP CLOSE
A,2021 468,MERCER COUNTY COURTHOUSE SIDEWALK,U228-WAL/K-1 00,4/18/2024,08/02/2023,"$40,000.00","$11,305.66","$28,694.34",29,Y,12/28/2027,ACTIVE,N/A,SHARONNIA OSAYABA,PYGO,,EN,2022280001,PR,
A,2022 026,LOCAL PUBLIC AGENCY MANUAL,T699-LPA- 1. 00,8/14/2025,08/01/2022,"$200,000.00","$149,204.53","$50,795.47",13,Y,12/28/2026,ACTIVE,N/A,,80F/20S,,OT,2021990004,PR,
A,2022 045,FIFTH AVENUE STREETSCAPE,U319SCAPE2200,3/13/2025,03/13/2023,"$145,734.15","$3,041.65","$142,692.50",18,Y,12/28/2027,ACTIVE,N/A,KYLE OLIVER,DEPOSIT,,EN,2022190001,PR,
A,2022 057,PARKERSBURG - ST MARYS MITIGATION,U3542231108,4/10/2025,03/03/2023,"$17,200.00",$257.99,,17,Y,05/28/2027,ACTIVE,N,,TaperMatch,,CN,2022540006,D3,JVC 27*612 TO BILL 9/28
A,2022 110,DAVIS TOWN TRAILS,U347BLACK200,6/23/2023,06/23/2023,"$62,400.00",$0.00,"$62,400.00",39,Y,06/28/2028,ACTIVE,N/A,SCOTT MCCLANAHAN,IN KIND,,CN,2016000668,PR,3/31-Invoice was requested
C,2022 112,NITRO SECOND AVE STREETSCAPE -LIGHTING,U320NITRO700,4/24/2025,09/20/2023,"$80,000.00","$62,710.08","$17,289.92",17,Y,06/28/2027,DP,N,OSAYABA SHARONNIA M,DEPOSIT,YES,CN,2023200093,PR,NOT RETURNABLE - CLOSE 10/15
A,2022 121,WOODROW WILSON BOARDWALK,U341WWHBW100,8/14/2025,05/21/2024,"$205,019.99","$105,268.75","$99,751.24",13,Y,06/28/2028,ACTIVE,N,OSAYABA SHARONNIA M,PYGO,,CN,2023410020,"PR, D10",
A,2023 029,CY LTAP 23,T699- LTAP 23 00,4/10/2025,01/10/2023,"$420,000.00","$402,749.92","$17,250.08",17,Y,12/31/2026,ACTIVE,N/A,KELLER PERRY J,100% FED,,OT,2022990072,"PR, 99:SW",
A,2023 035,USFS INTERAGENCY SFY 24,T699USFS2400,2/27/2025,10/30/2024,"$139,680.00","$139,680.00",$0.00,19,Y,02/28/2028,ACTIVE,,"conley-rinehart, laura",80F/20S,NA $0,OT,2022990088,DS,
A,2023 038,BERKELEY ROUNDHOUSE P2,2021000808,7/25/2024,01/10/2023,"$601,629.76","$553,083.38","$48,546.38",26,Y,03/28/2027,ACTIVE,N,KYLE OLIVER,DEPOSIT,,CN,2021000808,PR,
A,2023 051,ENVIRONMENTAL CONSULTATION,T699 - ENVI 1 00,9/25/2025,11/03/2022,"$120,000.00",$80.88,"$119,919.12",12,Y,06/28/2026,ACTIVE,N/A,,80F/20S,,OT,2022990094,"DS, 99:SW",
C,2023 137,ROMNEY N HIGH ST SW IMP,U314ROMNE400,4/10/2025,07/07/2023,"$36,800.00","$36,800.00",$0.00,17,Y,03/31/2028,,N/A,BRISENDINE RHONDA K,DEPOSIT,NA $0,EN,2021000445,PR,FR1
A,2023 138,SOUTH RUFFNER SLAB,S320SRUF0100,7/11/2025,08/11/2023,"$161,960.00","$68,355.05","$93,604.95",14,Y,12/28/2028,ACTIVE,N/A,,100% FED,,EN,2023200007,D1,
A,2023 148,WV 869/WV817 CONN. ROAD AND I/S IMPROVEMENTS,U340869IC00000,3/13/2025,08/04/2023,"$20,000.00","$4,481.46","$15,518.54",18,Y,11/29/2027,ACTIVE,N/A,,80F/20S,,RW,2022400003,DD,
A,2023 246,HURRICANE CITY PARK BRIDGE,S340HCPB01000,4/22/2025,04/18/2025,"$120,000.00",$0.00,"$120,000.00",17,Y,11/28/2031,ACTIVE,N/A,,100% FED,,RW,2023400003,D1,
A,2023 280,FY 24 BHJ MPO,T699SPR2403,11/21/2024,06/29/2023,"$175,600.00","$153,600.24","$21,999.76",22,Y,06/30/2027,ACTIVE,N/A,,80/10/PYGO,,OT,2023990025,PR,
A,2023 281,FY 24 FRMPO,T699SPR2409,11/29/2024,06/26/2023,"$207,200.00","$129,107.90","$78,092.10",22,Y,06/30/2027,ACTIVE,N/A,,80/10/PYGO,,OT,2023990032,PR,
C,2023 285,FY 24 SPR PLANNING PROG,T699SPR2400,2/13/2025,06/26/2023,"$1,392,000.00","$1,344,331.37","$47,668.63",19,Y,06/30/2027,HL,,BRIAN CARR,80F/20S,YES,OT,2023990023,"PR, 99:SW",NOT RETURNABLE - CLOSE 10/15
C,2023 286,FY 24 SPR STRATEGIC PROG,T699SPR2411,9/12/2024,06/27/2023,"$2,003,505.60","$2,003,503.22",$2.38,24,Y,06/30/2027,DR,N/A,BRIAN CARR,80F/20S,YES-2.38 ??,OT,2023990026,PR,NOT RETURNABLE - CLOSE 10/15
A,2023 317,DEVELOPMENT OF GEOSPATIAL STRATEGIC PLAN,T699GEOSP2400,7/11/2025,08/15/2023,"$200,000.00","$10,241.82","$189,758.18",14,Y,12/31/2027,ACTIVE,N/A,,80F/20S,,OT,2023990075,CT,
A,2023 318,SYSTEM INTEGRATION WITH EXTERNAL BUSINESS SYSTEMS,T699SYSIN2400,9/25/2025,09/11/2023,"$400,000.00","$6,900.81","$393,099.19",12,Y,07/31/2028,ACTIVE,N/A,,80F/20S,,OT,2023990077,CT,
A,2023 319,WVDOT ENTERPRISE GIS SYSTEM MANAGEMENT,T699GISIT2400,7/11/2025,09/11/2023,"$80,000.00","$9,922.90","$70,077.10",14,Y,07/31/2028,ACTIVE,N/A,,80F/20S,,OT,2023990078,CT,
C,2023 320,RIMS HOSTING & SUPPORT (RR XING),T699RIMS2300,8/14/2025,08/17/2023,"$80,000.00","$1,200.61","$78,799.39",13,Y,06/30/2027,AF,N/A,,80F/20S,,OT,2023990048,CT,NOT RETURNABLE - CLOSE 10/15
A,2023 321,TRANSPORTATION GEOSPATIAL DATA COLLECTION,T699GDATA2400,8/14/2025,08/17/2023,"$80,000.00","$10,572.48","$69,427.52",13,Y,07/31/2028,ACTIVE,N/A,,80F/20S,,OT,2023990079,CT,
A,2023 324,ROW GIS LAYER DEVELOPMENT,T699RWGIS2300,8/14/2025,08/17/2023,"$320,000.00","$3,857.10","$316,142.90",13,Y,07/31/2028,ACTIVE,N/A,,80F/20S,,OT,2023990095,CT,
A,2023 328,RAIL TRAIL FEASIBILITY STUDY,S250- RAILS 24 00,9/18/2025,08/24/2023,"$80,000.00","$64,000.00","$16,000.00",12,Y,12/31/2027,ACTIVE,N/A,CARR BRIAN E,PYGO,,OT,2023500037,PR,
A,2024 031,I-64 HUNTINGTON WELCOME CENTER EXIT 8,X306HUNWC0100,9/25/2025,09/17/2024,"$270,000.00",$160.12,"$269,839.88",12,Y,07/31/2029,ACTIVE,N/A,AHMAD DIRAR M,90F/10S,,RW,2023060027,DD,
A,2024 106,FY 25 KYOVA MPO,T699SPR2505,9/18/2025,06/26/2024,"$596,860.00","$434,244.97","$162,615.03",12,Y,12/28/2028,ACTIVE,N/A,,,,OT,2024990239,"PR, 99:SW",
A,2024 107,FY 25 MMMPO,T699SPR2508,7/24/2025,06/26/2024,"$384,735.26","$287,784.13","$96,951.13",14,Y,12/28/2028,ACTIVE,N/A,,80/10/10,,OT,2024990238,PR,
A,2024 108,FY 25 RIC MPO,T699SPR2506,8/28/2025,06/26/2024,"$762,700.80","$617,942.85","$144,757.95",13,Y,12/28/2028,ACTIVE,N/A,,80/10/10,,OT,2024990240,PR,
A,2024 109,FY 25 HEP MPO,T699SPR2510,8/28/2025,06/26/2024,"$370,680.00","$281,163.06","$89,516.94",13,Y,12/28/2028,ACTIVE,N/A,,80/10/10,,OT,2024990244,PR,
A,2024 110,FY 25 BELOMAR MPO,T699SPR2504,8/21/2025,06/26/2024,"$492,800.00","$350,127.46","$142,672.54",13,Y,12/28/2028,ACTIVE,N/A,,80/10/10,,OT,2024990245,PR,
A,2024 130,WVSHP INTERAGENCY,T699WVSHP2500,8/14/2025,08/26/2024,"$186,400.00","$180,128.80","$6,271.20",13,Y,06/28/2028,ACTIVE,N/A,,80F/20S,,OT,2024990278,PR,
A,2025 052,FY 25 WWW MPO,T699SPR2507,8/21/2025,06/26/2024,"$222,838.40","$158,863.02","$63,975.38",13,Y,12/28/2028,ACTIVE,N/A,,PYGO,,OT,2024990243,PR,
A,2025 053,FY 25 RIC MPO COMPLETE STREETS,T699RICCS2500,9/11/2025,06/26/2024,"$183,707.00","$106,210.15","$77,496.85",12,Y,12/28/2028,ACTIVE,N/A,,100% FED,,OT,2024990241,PR,
A,2025 132,NATURAL RESOURCES SUPPORT CONTRACT,T699NATRL2500,05/30/2025,5/29/2025,"$112,000.00",$0.00,"$112,000.00",16,Y,05/31/2033,ACTIVE,N/A,,80F/20S,,OT,2025990031,DS,
A,2192 001,DRY CREEK BRIDGE,S332219210100,9/18/2025,01/24/2024,"$3,774.40",$299.29,"$3,475.11",12,Y,04/28/2028,ACTIVE,N/A,,80F/20S,,EN,2023320002,D9,
A,2317 004,ELK RIVER CLENDENIN TRAILHEAD,U320ELKR200,05/15/2025,8/3/2023,"$241,597.51","$233,718.93","$7,878.58",16,Y,04/29/2027,ACTIVE,N,OSAYABA SHARONNIA M,DEPOSIT,,CN,2021000441,PR,"Kanawha County Commission is runnng the project, not state"
A,2501 005,"GRAPEVINE RIDGE, SITE 1 +2",E326025010660,7/11/2025,04/02/2024,"$78,400.00","$5,048.51","$73,351.49",14,Y,10/28/2028,ACTIVE,N/A,,80F/20S,,EN,2024260202,D6,
A,2502 002,US ARMY SP4 HAROLD 'SKIP' GRUESER MEMORIAL BRIDGE REPAIR,S340025020130023,1/29/2025,04/28/2023,"$240,000.00","$225,479.47","$16,209.31",20,Y,06/28/2027,ACTIVE,N/A,,80F/20S,,EN,2023400008,D1,12/23-Watch for a CL
A,3201 001,ABBOTT ROAD RR XX,U349032011490,8/21/2025,04/23/2024,"$108,306.90","$100,007.88","$8,299.02",13,Y,12/28/2026,ACTIVE,N,,90F/10S,,CN,2023490009,D7,
A,3203 001,TUPPER CREEK PONY TRUSS,S320032030290,9/18/2025,12/19/2023,"$240,000.00",$76.63,"$239,923.37",12,Y,03/28/2030,ACTIVE,N/A,,80F/20S,,EN,2023200067,D1,
A,3218 001,CAMP 70 FLAP,S347032180002,4/10/2025,04/05/2024,"$208,000.00","$199,000.45","$8,999.55",17,Y,06/28/2027,ACTIVE,N,,FLAP,,CN,2023470001,D8,
A,3515 004,GLASS ADDITION RD RR XX,U340035150300023,8/14/2025,08/23/2023,"$270,000.00",$46.03,"$269,953.97",13,Y,06/27/2026,ACTIVE,N,,90F/10S,,CN,2023400024,D1,
A,3902 005,MARLINTON OVERLOOK TRAIL,U338 39 2 00000,10/17/2024,08/29/2022,"$44,000.00","$24,461.58","$19,538.42",23,Y,12/31/2027,ACTIVE,N,SCOTT MCCLANAHAN,IN KIND,,CN,2020001161,PR,
A,4402 001,CHAPMAN RUN ROAD RR XX,U321044022690,9/25/2025,04/24/2024,"$92,267.10","$91,568.75",$698.35,12,Y,12/28/2026,ACTIVE,N,,90F/10S,,CN,2023210006,D7,
A,5520 003,PVT JACK C. EVANS MEMORIAL BRIDGE,S316055203760,6/26/2025,06/25/2025,"$24,000.00",$0.00,"$24,000.00",15,Y,10/27/2029,ACTIVE,N/A,,80F/20S,,EN,2023160012,D5,
A,6014 010,NORBERT E. EAGLOSKI MEMORIAL BRIDGE,S320060142470,7/11/2025,08/08/2023,"$80,000.00",$29.85,"$79,970.15",14,Y,07/01/2027,ACTIVE,N/A,,80F/20S,,RW,2023200049,D1,
A,8274 005,SCHENK BRIDGE,S335274000030,4/10/2025,12/14/2023,"$50,000.00",$84.81,"$49,915.19",17,Y,06/28/2030,ACTIVE,N/A,,BRIDGE CREDIT,,EN,2023350006,D6,
1MO inactive,,,,,,,,"$2,654,971.88",,,,"271,655.55",,,,,,,,"118,508.38"
C,0007 313,COOK BRIDGE,S3527115200,10/23/2025,09/27/2021,"$100,560.00","$84,747.16","$15,812.84",11,N,07/28/2027,TA,N/A,,80F/20S,,RW,2020000106,D6,FR1
A,0007 356,RIGGLEMAN ARCH,S3160070017570023,10/16/2025,04/18/2023,"$390,468.80","$356,647.66","$33,821.14",11,N,12/28/2028,ACTIVE,N/A,,80F/20S,,EN,2023160006,D5,
A,0008 055,UPPER SYCAMORE BRIDGE,S209- 008/00 0.57 00 22,10/16/2025,04/20/2023,"$200,000.00","$43,264.77","$156,735.23",11,N,09/28/2028,ACTIVE,N/A,,80F/20S,,EN,2022090012,DD,
A,0010 319,SPRING FK BOX CULVERT,S330010005890,10/16/2025,11/04/2024,"$280,000.00","$32,891.69","$247,108.31",11,N,09/28/2028,ACTIVE,N/A,,80F/20S,,EN,2023300007,D2,
A,0012 079,HAZELTON I-BEAM BRIDGE,S239012000010,10/16/2025,12/18/2024,"$96,000.00",$73.02,"$95,926.98",11,N,08/28/2030,ACTIVE,N/A,WHITE MARK J,80F/20S,,EN,2023390039,DD,
A,0033 514,ROOTS RUN RD - NORTH MTN.,S336033204500,10/16/2025,11/04/2024,"$4,000.00",$957.53,"$3,042.47",11,N,03/28/2029,ACTIVE,N/A,,80F/20S,,EN,2023360023,D8,
A,0035 226,US35 SETTLEMENT STUDY,U2403500000,10/23/2025,05/02/2022,"$680,000.00","$615,078.46","$64,921.54",11,N,10/28/2026,ACTIVE,N/A,,80F/20S,,EN,2021000883,DD,
A,0039 450,RICHWOOD ADA RAMPS + 3,U33439478300,10/16/2025,05/04/2023,"$884,801.18","$753,388.22","$131,412.96",11,N,04/26/2027,ACTIVE,N,,80F/20S,,CN,2020000981,"PR, D9",
C,0043 137,COLONEL ZACKQUILL MORGAN BRIDGE,T631-43-2.07 SEC 00,10/16/2025,05/20/2019,"$291,240.00","$237,757.96","$53,482.04",11,N,12/28/2028,AF,N/A,,80F/20S,,EN,2018000824,OM,NOT RETURNABLE - CLOSE 10/15
A,0050 407,BRISTOL BR EB & WB,S317 50 43900,10/16/2025,04/06/2023,"$51,200.00","$5,998.30","$45,201.70",11,N,09/27/2027,ACTIVE,N/A,,80F/20S,,RW,2020000589,DD,
A,0064 462,WILLIAMSBURG ROAD BRIDGE,S313064001593,10/16/2025,05/04/2023,"$84,217.50","$10,694.61","$73,522.89",11,N,01/30/2029,ACTIVE,N/A,,90F/10S,,EN,2023130020,D9,
A,0080 041,BEARTOWN BRIDGE,S3248033800,10/16/2025,11/09/2023,"$1,234,331.59","$1,193,220.68","$41,110.91",11,N,08/28/2027,ACTIVE,Y,,80F/20S,,CN,2014000031,D10,FEP-4/22/2025
A,0092 134,MINNEHAHA SPRINGS - SUNSET RD,S338092108000,10/16/2025,08/01/2024,"$702,560.78","$621,468.55","$81,092.23",11,N,06/30/2027,ACTIVE,Y,,80F/20S,,CN,2023380021,D8,FEP-5/7/2026
C,0094 182,BOONE COUNTY - HERNSHAW,S320094000,10/30/2025,05/07/2024,"$923,170.31","$831,294.46","$91,875.85",11,N,12/28/2026,LI,Y,,80F/20S,YES,CN,2023200095,D1,NOT RETURNABLE - CLOSE 10/15
A,0103 011,LOG CABIN BR,S305001030290,10/27/2025,10/24/2025,"$192,000.00",$0.00,"$192,000.00",11,N,12/28/2030,ACTIVE,N/A,,80F/20S,,RW,2023050012,D6,
A,0219 415,CHURCH BRIDGE,S332219001434,10/16/2025,12/19/2023,"$40,000.00","$16,466.34","$23,533.66",11,N,09/30/2027,ACTIVE,N/A,,80F/20S,,EN,2023320010,D9,
A,0219 416,CHURCH BRIDGE,S332219001434,10/16/2025,01/02/2024,"$16,000.00",$249.15,"$15,750.85",11,N,09/30/2027,ACTIVE,N/A,,80F/20S,,RW,2023320010,D9,
A,0220 236,DURGON STORE BRIDGE,S316220002380,10/16/2025,03/12/2024,"$18,400.00","$12,474.28","$5,925.72",11,N,12/28/2029,ACTIVE,N/A,,80F/20S,,EN,2023160008,D5,
A,0220 241,UPPER TRACT - GRANT CO LINE,S336220300400,10/16/2025,11/04/2024,"$4,000.00",$595.08,"$3,404.92",11,N,03/28/2029,ACTIVE,N/A,,80F/20S,,EN,2023360024,D8,
C,0314 019,POKER HOLLOW BRIDGE,S32231422500,10/16/2025,01/30/2023,"$76,000.00","$62,446.39","$13,553.61",11,N,08/28/2026,AF,N/A,,80F/20S,,RW,2020000617,D2,NOT RETURNABLE - CLOSE 10/15
A,0454 001,LANESVILLE RD,S34745400000,10/30/2025,01/28/2025,"$375,000.00","$375,000.00",$0.00,11,N,10/28/2027,ACTIVE,N,,80F/20S- 100% BOND,,CN,2016000395,D8,This is $0 for Federal. PYrl chrge doesn't do it
A,0507 012,COON HUNTERS ARCH,S3175703000,10/16/2025,03/12/2024,"$136,000.00","$38,742.56","$97,257.44",11,N,02/28/2029,ACTIVE,N/A,,80F/20S,,RW,2020000689,DD,
A,0641 401,MILLER RD O/P,U3066492200,10/16/2025,07/10/2019,"$14,599,812.41","$14,508,846.69","$90,965.72",11,N,04/26/2027,ACTIVE,N,,90F/10S,,CN,2015001570,D2,
A,0801 005,MASH FORK BRIDGE,S328801000270,10/16/2025,08/06/2025,"$8,000.00",$726.52,"$7,273.48",11,N,01/28/2029,ACTIVE,N/A,,80F/20S,,RW,2023280011,D10,
A,2013 074,SISTERSVILLE FERRY,T648FERRY402,10/16/2025,08/15/2024,"$381,147.00","$14,510.70","$366,636.30",11,N,07/28/2027,ACTIVE,N,SCOULAR ROBERT M,TOLL CREDIT,,CN,2015000349,"D6, PR",
A,2022 124,WHITE SULPHUR SPRINGS WEST END STREETSCAPE,U313WHITE400,10/30/2025,09/03/2024,"$56,067.25","$25,200.00","$30,867.25",11,N,12/28/2029,ACTIVE,N/A,NUNNALLY KYLENA C,DEPOSIT,,EN,2023130023,PR,
A,2023 069,BOLAIR BRIDGE,S351202300402,10/16/2025,07/05/2024,"$20,000.00","$11,471.87","$8,528.13",11,N,12/28/2027,ACTIVE,N/A,,80F/20S,,RW,2018000581,D7,
A,2023 124,CLIMATE CHALLENGE GRANT - ASPHALT SUSTAINABILITY,T699CCGR00022,10/23/2025,09/07/2023,"$79,671.00","$79,670.21",$0.79,11,N,12/31/2027,ACTIVE,N/A,KELLER PERRY J,80F/20S,,OT,2023990004,99:SW,
A,2023 146,SEWAGE TREATMENT PLANT BRIDGE,S302STPB0100,10/16/2025,11/08/2024,"$10,000.00",$19.73,"$9,980.27",11,N,02/28/2030,ACTIVE,N/A,,100% FED,,RW,2023020002,D5,
A,2023 181,ROOSEVELT AVE BRIDGE,S326RABR0100,10/16/2025,06/27/2025,"$8,000.00",$116.23,"$7,883.77",11,N,11/28/2030,ACTIVE,N/A,,80F/20S,,RW,2023260002,D6,
C,2023 303,ALLEGHENY HIGHLANDS TRAIL PHASE II,S342ALLEG200,10/16/2025,03/12/2024,"$267,507.12","$267,467.81",$39.31,11,N,06/28/2027,HL,Y,NUNNALLY KYLENNA C,80F/20S,,CN,2023420022,"D8, PR",
A,2024 102,BATH STREETSCAPE - PHASE VI,U333BATH600,10/29/2025,10/28/2025,"$56,000.00",$0.00,"$56,000.00",11,N,04/28/2029,ACTIVE,N/A,,DEPOSIT,,EN,2024330001,PR,
A,2025 055,FY 25 BHJ MPO,T699SPR2503,10/23/2025,06/26/2024,"$263,002.40","$110,830.08","$152,172.32",11,N,12/28/2028,ACTIVE,N/A,,,,OT,2024990246,"PR, 99:SW",
A,2025 133,WVSHP INTERAGENCY,T699WVSHP2600,10/30/2025,05/28/2025,"$204,800.00","$30,077.95","$174,722.05",11,N,06/30/2029,ACTIVE,N/A,,80F/20S,,OT,2025990032,"DS, 99:SW",
A,2603 002,EASTWOOD LANE BR,S30326300100,10/30/2025,02/01/2023,"$96,000.00","$15,612.30","$80,387.70",11,N,06/28/2027,ACTIVE,N/A,LOWTHER CHAD S,80F/20S,,RW,2020000553,DD,
A,6014 009,NORBERT E. EAGLOSKI MEMORIAL BRIDGE,S320060142470,10/16/2025,05/17/2023,"$64,000.00",$42.43,"$63,957.57",11,N,07/01/2027,ACTIVE,N/A,,80F/20S,,EN,2023200049,D1,
A,6018 007,LARRY CONLEY MEM BR,S320- 060/18 0.04 00,10/16/2025,04/12/2023,"$120,000.00",$936.07,"$119,063.93",11,N,12/28/2027,ACTIVE,N/A,,80F/20S,,RW,2022200030,OM,
2MO inactive,,,,,,,,"$12,824,427.55",,,,"2,480,208.23",,,,,,,,"174,724.34"
A,0002 607,PROCTOR - KENT MITIGATION,U652002116601,11/13/2025,04/01/2020,"$1,600,000.00","$855,021.70","$744,978.30",10,N,12/28/2027,ACTIVE,N/A,,80F/20S,,EN,2019000875,DD,
A,0007 419,"MOUNTAINEER HWY, SITE 2",E352007156300,11/20/2025,04/02/2024,"$17,680.00","$2,926.35","$14,753.65",10,N,10/28/2028,ACTIVE,N/A,,80F/20S,,EN,2024520096,D6,
A,0011 194,SAWMILL RIBBED ARCH,S307011006880,11/20/2025,11/19/2025,"$24,000.00",$0.00,"$24,000.00",10,N,10/28/2030,ACTIVE,N/A,BULLMAN THOMAS J,80F/20S,,RW,2023070003,D3,
C,0011 206,QUEEN ST @ MOLER AVE SIGNAL RENOVATION AND PED UPGRADE,S3020110014130023,11/13/2025,09/11/2023,"$10,000.00","$8,893.99","$1,106.01",10,N,02/28/2027,AF,N/A,,100% FED,,EN,2023020029,OS,NOT RETURNABLE - CLOSE 10/15
C,0011 210,AUDRA PARK RD,S301011001153,11/20/2025,09/12/2024,"$661,746.39","$591,909.93","$69,836.46",10,N,12/26/2027,LI,Y,GOULD DOUGLAS S,80F/20S,,CN,2023010023,D7,NOT RETURNABLE - CLOSE 10/15
A,0014 186,GRAND CENTRAL AVE ADA +2,U354 ADA 23 00,11/20/2025,05/04/2023,"$666,018.38","$610,375.30","$55,643.08",10,N,08/28/2028,ACTIVE,N,,80F/20S,,CN,2020000969,D3,
A,0015 127,KISSEL BRIDGE,S318015007110,11/13/2025,01/03/2024,"$48,400.00","$27,390.20","$21,009.80",10,N,06/28/2030,ACTIVE,N/A,BULLMAN THOMAS J,80F/20S,,EN,2023180013,D3,
A,0016 351,VRU HIN BECKLEY +1,U341016170100,11/20/2025,01/14/2025,"$285,642.90",$24.56,"$285,618.34",10,N,11/28/2028,ACTIVE,N/A,,90F/10S,,EN,2023410047,OS,
C,0016 382,LUNDALE - LORADO,S32301694800,11/20/2025,06/26/2025,"$12,000.00","$8,369.83","$3,630.17",10,N,04/28/2029,TA,N/A,,80F/20S,,EN,2023230046,D2,NOT RETURNABLE - CLOSE 10/15
A,0017 150,BLUE SULPHUR OVERPASS,S306- 017/00 4.30 00 23,11/6/2025,05/12/2023,"$120,000.00","$12,677.52","$107,322.48",10,N,10/28/2028,ACTIVE,N/A,,80F/20S,,EN,2022060013,OM,
A,0017 160,FLOWING SPRINGS/WV 9 CONNECTOR TRAFFIC SIGNAL,U31901707600,11/20/2025,11/08/2024,"$20,000.00","$12,958.21","$7,041.79",10,N,12/31/2028,ACTIVE,N/A,,80F/20S,,EN,2024190004,D5,
A,0019 585,SAMMY RUN SLAB,S321019008970,11/20/2025,11/22/2024,"$40,000.00",$69.85,"$39,930.15",10,N,12/30/2028,ACTIVE,N/A,GOULD DOUGLAS S,80F/20S,,RW,2023210015,D7,
A,0025 163,BIG TWO MILE BRIDGE,S306025003930023,11/13/2025,06/21/2023,"$12,000.00","$7,003.19","$4,996.81",10,N,09/28/2028,ACTIVE,N/A,,80F/20S,,EN,2023060022,D2,
A,0025 166,MEADOW FORK BRIDGE,S310025004850,11/20/2025,01/28/2025,"$40,000.00",$434.80,"$39,565.20",10,N,06/28/2031,ACTIVE,N/A,,80F/20S,,RW,2023100027,D9,
A,0025 188,JENKINJONES ROAD #2,E32400818100,11/5/2025,08/04/2025,"$6,660.90",$0.00,"$6,660.90",10,N,08/15/2028,ACTIVE,N,,80F/20S,,CN,2025240023,D10,
A,0026 061,BEECH FORK ARCH,S250- 026/00 6.53 00 22,11/13/2025,09/26/2023,"$200,000.00","$7,715.92","$192,284.08",10,N,01/28/2029,ACTIVE,N/A,WHITE MARK J,80F/20S,,EN,2022500034,DD,
A,0032 047,CANAAN HEIGHTS - DAVIS,S347032118000,11/20/2025,08/07/2024,"$421,515.29","$366,898.57","$54,616.72",10,N,04/28/2027,ACTIVE,Y,,80F/20S,,CN,2023470015,D8,FEP- 5/21/26
A,0033 398,COL RUBY BRADLEY BR,U34433127600,11/20/2025,04/30/2020,"$5,398,305.66","$4,961,086.66","$437,219.00",10,N,12/28/2027,ACTIVE,N,TABSSUM RUBINA,80F/20S,,CN,2002000514,D3,
C,0033 501,2024 D3 GUARDRAIL PROJECT,U383033000000,11/26/2025,09/12/2024,"$479,562.74","$438,141.88","$41,420.86",10,N,04/28/2028,AF,Y,,100% FED,,CN,2023830010,D3,FEP- 11/12/25
A,0037 042,FT GAY TO LOUISA BRIDGE,S3503700000,11/3/2025,11/03/2025,"$465,405.60",$0.00,"$465,405.60",10,N,04/28/2030,ACTIVE,N,,80F/20S,,CN,2022500003,D2,
A,0039 420,SHADY SADIE'S BRIDGE,S320039000050,11/20/2025,02/13/2023,"$381,600.00","$194,154.66","$187,445.34",10,N,07/01/2027,ACTIVE,N/A,,80F/20S,,RW,2021200004,D1,
A,0049 027,MATEWAN - CINDERELLA,S33004988700,11/20/2025,06/26/2025,"$8,000.00","$7,922.12",$77.88,10,N,04/28/2029,ACTIVE,N/A,,80F/20S,,EN,2023300020,D2,
A,0060 460,VRU SYSTEMIC CABELL +8,T20606034800,11/20/2025,01/17/2025,"$405,000.00",$24.51,"$404,975.49",10,N,10/28/2028,ACTIVE,N/A,,90F/10S,,EN,2024060051,OS,
A,0064 460,INTERSTATE 64 TSMO,T299064000002,11/13/2025,01/05/2024,"$400,000.00",$38.41,"$399,961.59",10,N,12/27/2027,ACTIVE,N/A,,80F/20S,,OT,2023990073,"99:SW, OS",
A,0070 174,WHEELING TUNNEL,T63507008500,11/6/2025,06/04/2024,"$765,000.00","$189,404.95","$575,595.05",10,N,01/01/2034,ACTIVE,N/A,MURRAY WILLIAM R,90F/10S,,OT,2023350038,OM,
A,0077 118,TUPPERS CREEK RD - JACKSON COUNTY LINE,S320077001100,11/6/2025,04/16/2024,"$50,000.00","$50,000.00",$0.00,10,N,05/28/2027,ACTIVE,N,GOULD DOUGLAS S,90F/10S,,CN,2023200094,D1,This is $0 for Federal. PYrl chrge doesn't do it
A,0103 014,BLACK DIAMOND HIGHWAY #3,E32410324800,11/20/2025,08/04/2025,"$78,977.18","$10,351.54","$68,625.64",10,N,08/08/2028,ACTIVE,N,,80F/20S,,CN,2025240116,D10,
A,0103 015,BLACK DIAMOND HIGHWAY #4,E324103105800,11/20/2025,09/03/2025,"$11,446.34","$3,169.75","$8,276.59",10,N,08/08/2028,ACTIVE,N,,80F/20S,,CN,2025240117,D10,
C,0119 500,CORRIDOR G LIGHTING,U320119155200,11/26/2025,04/27/2022,"$200,000.00","$140,827.24","$59,172.76",10,N,05/28/2026,TA,N/A,,80F/20S,,EN,2021000888,OS,NOT RETURNABLE - CLOSE 10/15
A,0119 598,VRU SYSTEMIC KANAWHA WOOD +3,T299119116400,11/20/2025,01/17/2025,"$405,000.00",$20.18,"$404,979.82",10,N,10/28/2028,ACTIVE,N/A,,90F/10S,,EN,2024990305,"99:SW, OS",
C,0152 220,WV 152 MP 12.9 SLIDE,S35015212900,11/20/2025,05/08/2025,"$8,000.00","$4,728.96","$3,271.04",10,N,11/28/2028,TA,N/A,,80F/20S,,EN,2025500030,D2,NOT RETURNABLE - CLOSE 10/15
A,0178 004,BUTCHERS RUN TR,S211-17/8-0.07 SEC 00,11/20/2025,08/02/2021,"$320,000.00","$52,637.81","$267,362.19",10,N,10/31/2027,ACTIVE,N/A,,80F/20S,,EN,2020000626,DD,
A,0219 399,LOCUST CREEK RD - HILLSOBORO,S33821952500,11/20/2025,01/08/2025,"$678,259.43","$579,178.00","$99,081.43",10,N,04/28/2027,ACTIVE,Y,,80F/20S,,CN,2023380024,D8,FEP- 5/28/26
A,0220 231,PURGITSVILLE BRIDGE,S314- 220 3.03 00,11/5/2025,11/04/2025,"$200,000.00",$0.00,"$200,000.00",10,N,06/30/2027,ACTIVE,N/A,,,,EN,2024140001,D5,
A,0225 031,BARGER SPRINGS ROAD,E34501731800,11/6/2025,03/07/2025,"$4,596.62",$0.00,"$4,596.62",10,N,06/28/2027,ACTIVE,N,,80F/20S,,CN,2025450003,D9,
A,0225 142,MATOAKA RD - FOC,E3280101600,11/20/2025,02/15/2025,"$8,000.00","$3,191.67","$4,808.33",10,N,03/05/2030,ACTIVE,N/A,,80F/20S,,EN,2025280010,D10,
A,0225 174,POPLAR GAP,E35500179700,11/20/2025,07/21/2025,"$17,932.17","$15,441.01","$2,491.16",10,N,08/15/2028,ACTIVE,N,,80F/20S,,CN,2025550009,D10,
A,0225 191,HERNDON RD #4,E35501071300,11/5/2025,07/21/2025,"$8,000.00",$0.00,"$8,000.00",10,N,08/15/2028,ACTIVE,N,,80F/20S,,CN,2025550006,D10,
A,0225 237,JENKINJONES ROAD #1 - FOC,E32400814800,11/20/2025,02/15/2025,"$12,000.00","$2,401.15","$9,598.85",10,N,02/08/2030,ACTIVE,N/A,,80F/20S,,EN,2025240016,D10,
A,0225 270,PANTHER CREEK ROAD #7,E324003021314,11/20/2025,07/21/2025,"$25,828.98","$5,034.89","$20,794.09",10,N,08/08/2028,ACTIVE,N,,80F/20S,,CN,2025240030,D10,
A,0225 271,THREE FORKS HIGHWAY,E3246352500,11/6/2025,07/21/2025,"$5,875.70",$0.00,"$5,875.70",10,N,08/15/2028,ACTIVE,N,,80F/20S,,CN,2025240039,D10,
A,0225 278,BEARTOWN BRANCH #2,E324005051490,11/6/2025,07/21/2025,"$5,433.99",$0.00,"$5,433.99",10,N,08/08/2028,ACTIVE,N,,80F/20S,,CN,2025240040,D10,
A,0225 294,ROCKET BOYS DRIVE #1,E32401622400,11/13/2025,07/21/2025,"$7,091.73",$568.18,"$6,523.55",10,N,08/08/2028,ACTIVE,N,,80F/20S,,CN,2025240058,D10,
A,0225 297,BARTLEY STORE BOTTOM ROAD #8,E324083141200,11/13/2025,02/15/2025,"$35,864.34","$4,427.17","$31,437.17",10,N,08/08/2028,ACTIVE,N,,80F/20S,,CN,2025240062,D10,
A,0225 314,BARTLEY STORE BOTTOM ROAD #7 - FOC,E32408377400,11/20/2025,02/15/2025,"$12,000.00","$5,973.46","$6,026.54",10,N,02/08/2030,ACTIVE,N/A,,80F/20S,,EN,2025240065,D10,
A,0225 315,BARTLEY STORE BOTTOM ROAD #6,E32408376900,11/20/2025,08/04/2025,"$5,341.83","$1,111.55","$4,230.28",10,N,08/08/2028,ACTIVE,N,,80F/20S,,CN,2025240068,D10,
A,0225 318,PANTHER MOHAWK ROAD #1,E32400167400,11/20/2025,02/15/2025,"$7,397.80","$7,397.80",$0.00,10,N,08/08/2028,ACTIVE,N,,80F/20S,,CN,2025240078,D10,
A,0225 324,BLACK DIAMOND HIGHWAY #1 - FOC,E32410320900,11/13/2025,02/15/2025,"$12,000.00","$4,138.29","$7,861.71",10,N,02/15/2030,ACTIVE,N/A,,80F/20S,,EN,2025240072,D10,
A,0225 347,IAEGER TO BRADSHAW #3 - FOC,E32408022100,11/13/2025,02/15/2025,"$12,000.00","$2,292.28","$9,707.72",10,N,02/08/2030,ACTIVE,N/A,,80F/20S,,EN,2025240083,D10,
A,0225 396,HARTS CREEK ROAD SLIDE,E323005160300,11/20/2025,02/15/2025,"$12,400.00","$11,522.42",$877.58,10,N,02/08/2030,ACTIVE,N/A,,80F/20S,,EN,2025230009,D2,
C,0250 310,LITTLE RIVER BRIDGE - THORNWOOD,S33825050300,11/20/2025,08/07/2024,"$362,857.13","$323,195.92","$39,661.21",10,N,04/28/2027,,Y,,80F/20S,,CN,2023380023,D8,NOT RETURNABLE - CLOSE 10/15
A,0470 039,VIETNAM VETERANS MEMORIAL,T635-470-0.02 SEC 00,11/13/2025,02/10/2020,"$406,260.00","$345,130.48","$61,129.52",10,N,12/31/2029,ACTIVE,N/A,,90F/10S,,EN,2019000375,OM,
A,0506 002,CUPPS BR,S3425601500,11/24/2025,11/24/2025,"$76,000.00",$0.00,"$76,000.00",10,N,01/28/2031,ACTIVE,N/A,,80F/20S,,RW,2020000554,D8,
A,0930 043,NEW GM ACCESS ROAD BR,S302009300100,11/13/2025,01/29/2025,"$40,000.00","$4,243.26","$35,756.74",10,N,09/28/2029,ACTIVE,N/A,,80F/20S,,EN,2023020006,D5,
A,1774 002,PFC HOTTY HERRICK BRIDGE,S317774000090,11/20/2025,05/09/2024,"$20,000.00","$5,087.54","$14,912.46",10,N,08/28/2029,ACTIVE,N/A,,BRIDGE CREDIT,,RW,2023170005,D4,
A,2010 074,GRASSY CREEK DECK GIRDER,S351020100010,11/21/2025,11/21/2025,"$40,000.00",$0.00,"$40,000.00",10,N,03/28/2029,ACTIVE,N/A,GOULD DOUGLAS S,80F/20S,,RW,2023510003,D7,
A,2019 189,2019 NAVIGATION LIGHTING,T699NAVIG1900,11/20/2025,09/24/2019,"$360,000.00","$247,606.42","$112,393.58",10,N,09/28/2027,ACTIVE,N/A,,90F/10S,,EN,2019000796,"OS, 99:SW",
A,2021 432,T699-PAV/PG-2 SEC 00,T699-PAV/PG-2 SEC 00,11/20/2025,06/07/2021,"$36,000.00",$98.34,"$35,901.66",10,N,12/31/2025,ACTIVE,N/A,,90F/10S,,EN,2021000137,"OS, 99:SW",
A,2021 440,2021 CRASH RCORDS DBASE MNGMNT,T699CDA1600,11/13/2025,06/07/2021,"$815,400.00","$815,248.43",$151.57,10,N,10/28/2031,ACTIVE,N/A,,90F/10S,,EN,2021000131,"99:SW, OS",
A,2023 062,ELM AVENUE BRIDGE +1,S326EAB000030,11/13/2025,04/27/2023,"$821,920.00","$751,070.94","$70,849.06",10,N,07/28/2028,ACTIVE,N/A,TOLAYMAT FERAS,100% FED,,EN,2022260017,DD,
A,2023 112,EVEREST DRIVE BRIDGE,S325310000230,11/20/2025,12/21/2023,"$1,630,000.00","$846,411.00","$783,589.00",10,N,10/28/2032,ACTIVE,N/A,TOLAYMAT FERAS,100% FED,,EN,2023250001,DD,
A,2023 207,SEWAGE TREATMENT PLANT BRIDGE,S302STPB0100,11/13/2025,12/18/2023,"$300,000.00","$29,879.06","$270,120.94",10,N,12/28/2028,ACTIVE,N/A,,100% FED,,EN,2023020002,D5,
A,2023 263,STATEWIDE LANDSLIDE INVENTORY CONSULTANT SERVICE,T699SLICS0100,11/20/2025,01/31/2024,"$320,000.00","$2,421.72","$317,578.28",10,N,06/30/2027,ACTIVE,N/A,BOONE TAYLOR J,80F/20S,,OT,2023990013,99:SW,
A,2023 315,MORGANTOWN DOWNTOWN MICROSIMULATION TRAFFIC STUDY,T631MICRO2400,11/13/2025,09/11/2023,"$400,000.00","$304,000.00","$96,000.00",10,N,08/31/2027,ACTIVE,N/A,,PYGO,,OT,2023310040,PR,
A,2023 316,WV 16- MULLENS MITIGATION,X35512110915,11/20/2025,08/23/2023,"$7,200,000.00","$4,823,684.35","$2,376,315.65",10,N,06/28/2031,ACTIVE,N/A,,80F/20S,,OT,2022550011,DS,
A,2023 329,WV 2/OH ROUTE 7 BRIDGE PEL STUDY,S206- OHBRG 24 00,11/6/2025,08/28/2023,"$160,000.00","$128,000.00","$32,000.00",10,N,12/31/2027,ACTIVE,N/A,CARR BRIAN E,PYGO,,OT,2023060058,PR,
A,2024 084,PARSONS POPLAR STREET SIDEWALK IMPROVEMENTS,U347POPLA100,11/21/2025,11/21/2025,"$40,000.00",$0.00,"$40,000.00",10,N,12/28/2030,ACTIVE,N/A,OLIVER KYLE J,DEPOSIT,,EN,2023470003,PR,
A,2024 145,WVSRA - WVCR 11TH ST RR CROSSING,R34211RRC2400,11/19/2025,11/19/2025,"$456,300.00",$0.00,"$456,300.00",10,N,06/28/2029,ACTIVE,N,,90F/10S,,CN,2023420037,D8,
A,2025 054,FY 25 FRMPO,T699SPR2509,11/13/2025,06/26/2024,"$302,400.00","$217,692.54","$84,707.46",10,N,12/28/2028,ACTIVE,N/A,,,,OT,2024990248,"PR, 99:SW",
A,2025 095,DESKINS DR RR XX,U330052500020,11/20/2025,07/21/2025,"$450,000.00","$1,224.50","$448,775.50",10,N,03/28/2028,ACTIVE,N,,90F/10S,,CN,2025300002,D2,
A,2025 158,SUBMITTABLE GRANT MANAGEMENT SOFTWARE,T699GRSFT2500,11/12/2025,11/06/2025,"$208,000.00",$0.00,"$208,000.00",10,N,12/28/2033,ACTIVE,N/A,,80F/20S,,OT,2025990025,"99:SW, PR",
A,2026 004,TED DEVELOPMENT,T699TEDTE2600,11/24/2025,11/21/2025,"$270,000.00",$0.00,"$270,000.00",10,N,06/28/2030,ACTIVE,N/A,,90F/10S,,OT,2025990082,"OS, 99:SW",
A,2026 101,TRAFFIC RECORDS PLAN,T699STRPL2600,11/24/2025,11/21/2025,"$495,000.00",$0.00,"$495,000.00",10,N,02/26/2030,ACTIVE,N/A,,90F/10S,,OT,2025990071,"99:SW, OS",
A,2306 001,HURRICANE CREEK ARCH,S344023060010,11/13/2025,01/02/2024,"$8,000.00",$194.45,"$7,805.55",10,N,01/28/2031,ACTIVE,N/A,BULLMAN THOMAS J,80F/20S,,EN,2023440003,D3,
A,2407 001,ANGLINS CREEK BRIDGE,S334024070730,11/20/2025,12/14/2023,"$589,817.60","$511,249.03","$78,568.57",10,N,01/28/2028,ACTIVE,N/A,,80F/20S,,EN,2023340003,D9,
A,5030 003,DOE RUN CHANNEL BEAM,S309050309040,11/13/2025,08/01/2023,"$240,000.00","$157,455.06","$82,544.94",10,N,12/28/2030,ACTIVE,N/A,,80F/20S,,EN,2022090011,D4,
A,5039 007,HUSHERS RUN SLAB,S343050392280,11/13/2025,01/02/2024,"$24,000.00",$194.45,"$23,805.55",10,N,10/28/2030,ACTIVE,N/A,BULLMAN THOMAS J,80F/20S,,EN,2023430007,D3,
A,5760 001,LAKEVIEW DRIVE BRIDGE,S354760000030,11/13/2025,01/09/2024,"$50,000.00",$243.07,"$49,756.93",10,N,06/28/2030,ACTIVE,N/A,,BRIDGE CREDIT,,EN,2023540006,D3,
A,6064 002,FIRST AVE OVERPASS 2560 +1,S320060640200,11/20/2025,07/31/2023,"$640,000.00","$617,734.86","$22,265.14",10,N,05/30/2027,ACTIVE,N/A,,80F/20S,,EN,2022200041,D1,
A,6207 001,SMITH CONCRETE RD RR XX,U340062070450,11/26/2025,12/04/2024,"$62,385.29","$60,609.82","$1,775.47",10,N,03/29/2027,ACTIVE,N,,90F/10S,,CN,2024400027,D1,
C,7312 003,COOPERS ROCK W-BEAM,S339073120050,11/26/2025,02/12/2024,"$1,666,823.49","$1,487,722.43","$179,101.06",10,N,03/28/2027,AF,Y,,80F20S,,CN,2023390021,D4,FEP- 6/6/25
A,NBIS462,BIGLEY AVENUE CBD 8-9 BRIDGES,T620077100730,11/26/2025,11/03/2025,"$810,000.00","$220,465.80","$589,534.20",10,N,09/01/2034,ACTIVE,N/A,MURRAY WILLIAM R ,90F/10S,,OT,2024200082,OM,
New as of 09/2026,,,,,,,,"$18,874,347.21",,,,"12,427,227.98",,,,,,,,"397,199.57"
C,0003 557,JUMPING BRANCH-NIMITZ,S34500319900,12/18/2025,10/23/2024,"$635,967.19","$569,484.03","$66,483.16",9,N,10/29/2027,AF,Y,,80F/20S,,CN,2024450001,D9,FEP- 10/27/25
A,0010 272,ROCK CLIFF I/S IMPROVEMENTS,U3021013800,12/18/2025,04/01/2020,"$949,600.00","$413,955.40","$535,644.60",9,N,06/28/2027,ACTIVE,N/A,TOLAYMAT FERAS,80F/20S,,RW,2016000842,DD,
A,0014 207,O'BRIEN FORK BRIDGE,S304014004260,12/18/2025,04/12/2023,"$40,000.00","$6,087.45","$33,912.55",9,N,01/28/2030,ACTIVE,N/A,GOULD DOUGLAS S,80F/20S,,EN,2023040013,D7,
A,0016 300,BIG CREEK ARCH,S3241694500,12/18/2025,08/05/2021,"$182,266.62","$12,137.46","$170,129.16",9,N,09/22/2027,ACTIVE,N,,100% FED,,CN,2017001590,D10,
C,0019 486,FAYETTE CL-MT LOOKOUT,S3341900000,12/18/2025,07/27/2023,"$11,534,667.80","$10,245,446.24","$1,289,221.56",9,N,11/29/2027,AF,Y,,TOLL CREDIT,,CN,2020000451,D9,NOT RETURNABLE - CLOSE 10/15
A,0019 508,BEAVER-S EISENHOWER DR,X341ZWAY62202,12/18/2025,03/01/2023,"$6,515,559.09","$123,311.30","$6,392,247.79",9,N,07/31/2027,ACTIVE,N,AHMAD DIRAR M,100% FED,,CN,2014001021,D10,9/9- PYRL CHRG
A,0019 626,SUMMERSVILLE-PHILLIPS RUN,S334019116100,12/18/2025,10/28/2025,"$28,000.00","$2,553.71","$25,446.29",9,N,12/31/2028,ACTIVE,N/A,,80F/20S,,EN,2024340018,D9,
A,0024 047,USMC SERGEANT STEPHEN E. DRUMMOND MEMORIAL BRIDGE,S317024007220,12/18/2025,04/10/2024,"$48,000.00","$43,211.80","$4,788.20",9,N,06/28/2027,ACTIVE,N/A,,80F/20S,,EN,2023170044,D4,
C,0033 453,ALLEGHENY MTN BARRIER,U3363314300,12/11/2025,01/10/2023,"$200,056.90","$1,462.73","$198,594.17",9,N,10/28/2028,AF,Y,TOLAYMAT FERAS,100% FED,,CN,2018000668,D8,NOT RETURNABLE - CLOSE 10/15
A,0033 508,RICH MTN,S342033003077,12/29/2025,06/25/2024,"$601,750.62","$482,654.98","$119,095.64",9,N,12/28/2026,ACTIVE,Y,,80F/20S,,CN,2023420024,D8,FEP- 5/21/26
A,0048 076,FOREMAN PARK & RIDE (CORRIDOR H),S312048001890,12/4/2025,03/11/2024,"$654,882.01","$625,781.07","$29,100.94",9,N,12/31/2027,ACTIVE,Y,,80F/20S,,CN,2023120014,D5,FEP-7/24/26
A,0050 469,REDWING BOX BEAM,S322050003820,12/9/2025,12/09/2025,"$24,000.00",$0.00,"$24,000.00",9,N,09/28/2029,ACTIVE,N/A,,80F/20S,,EN,2023220007,D2,
C,0061 419,58TH ST-40TH ST,S32061214000,12/18/2025,09/25/2022,"$1,113,656.53","$12,981.84","$1,100,674.69",9,N,11/28/2027,,Y,,100% FED,,CN,2021000750,D1,FEP- 8/1/25 CL IN DRAFT
A,0064 422,AIRPORT RD - GLADE CREEK,S341641249500,12/18/2025,07/14/2022,"$1,754,151.93","$491,259.90","$1,262,892.03",9,N,07/28/2030,ACTIVE,Y,,100% FED,,CN,2021000235,D10,
A,0064 423,PHIL G MCDONALD MEM BR,T641- 064/00 129.49 00 22,12/18/2025,06/27/2023,"$1,077,192.90","$682,077.93","$395,114.97",9,N,10/28/2031,ACTIVE,N/A,MURRAY WILLIAM R,90F/10S,,OT,2022410025,OM,
A,0070 166,I-70 MINING - PANELS 20,S33570119505,12/31/2025,08/05/2021,"$15,878,533.68","$15,874,023.97","$4,509.71",9,N,10/31/2027,ACTIVE,Y,,TOLL CREDIT,,CN,2020001175,D6,FEP- 12/19/23 DIVISION REVIEW
A,0075 021,MIDDLE BRIDGE +1,S35007572500,12/18/2025,06/10/2024,"$24,000.00","$22,956.43","$1,043.57",9,N,12/28/2027,ACTIVE,N/A,,80F/20S,,EN,2023500042,OM,
C,0088 037,2023 DISTRICT 6 HFST SOUTH +3,U326088000390022,12/18/2025,03/07/2023,"$705,103.75","$611,639.89","$93,463.86",9,N,10/28/2026,TA,Y,,90F/10S,,CN,2022260004,D6,NOT RETURNABLE - CLOSE 10/15
C,0119 584,BUCKHANNON-HODGESVILLE RD,S349119005170,12/18/2025,09/12/2024,"$1,272,336.66","$1,160,185.48","$112,151.18",9,N,05/01/2027,TA,Y,GOULD DOUGLAS S,80F/20S,,CN,2023490025,D7,NOT RETURNABLE - CLOSE 10/15
A,0151 013,US ARMY SP4 WILLIAM LEWIS REGER MEMORIAL BRIDGE,S349- 151/00 0.68 00 23,12/18/2025,08/11/2023,"$40,000.00",$94.14,"$39,905.86",9,N,01/28/2029,ACTIVE,N/A,GOULD DOUGLAS S,80F/20S,,EN,2023490018,D7,
A,0219 420,SCENIC HIGHWAY - LAKE REED RD,S338219265000,12/29/2025,08/08/2024,"$585,407.98","$516,064.61","$69,343.37",9,N,04/28/2027,ACTIVE,Y,,80F/20S,,CN,2023380022,D8,FEP- 5/7/2026
A,0223 010,WELLSBURG BR,X30522300000,12/29/2025,03/18/2016,"$99,310,689.60","$97,087,996.72","$2,222,692.88",9,N,12/01/2026,ACTIVE,N,,OH/ OTHER,,CN,2011000956,D6,
A,0225 194,BLACK DIAMOND HIGHWAY #2 - FOC,E32410335500,12/18/2025,02/15/2025,"$12,000.00","$1,588.02","$10,411.98",9,N,03/06/2030,ACTIVE,N/A,,80F/20S,,EN,2025240004,D10,
A,0225 298,ROCKET BOYS DRIVE #3 - FOC,E324016119800,12/18/2025,02/15/2025,"$12,000.00",$566.10,"$11,433.90",9,N,02/08/2030,ACTIVE,N/A,,80F/20S,,EN,2025240061,D10,
A,0225 310,BARTLEY STORE BOTTOM ROAD #2 - FOC,E32408365400,12/18/2025,02/15/2025,"$12,000.00","$2,475.24","$9,524.76",9,N,02/08/2030,ACTIVE,N/A,,80F/20S,,EN,2025240011,D10,
A,0225 322,PANTHER MOHAWK ROAD #2 - FOC,E32400169700,12/18/2025,02/15/2025,"$12,000.00","$2,594.60","$9,405.40",9,N,08/08/2028,ACTIVE,N/A,,80F/20S,,EN,2025240077,D10,
A,0225 330,COAL HERITAGE ROAD #7,E324052158100,12/18/2025,08/04/2025,"$55,970.40","$8,859.27","$47,111.13",9,N,08/08/2028,ACTIVE,N,,80F/20S,,CN,2025240076,D10,
A,0225 379,SKYGUSTY HIGHWAY - FOC,E324161151300,12/18/2025,05/05/2025,"$8,000.00","$5,642.14","$2,357.86",9,N,02/08/2030,ACTIVE,N/A,,80F/20S,,EN,2025240115,D10,
A,0225 386,COAL HERITAGE ROAD #2 +4 - FOC,E324052135701,12/18/2025,02/15/2025,"$80,000.00","$7,408.30","$72,591.70",9,N,12/31/2028,ACTIVE,N/A,,80F/20S,,EN,2025240118,D10,
A,0225 400,BLACK DIAMOND HIGHWAY #6 - FOC,E32410324900,12/18/2025,02/15/2025,"$6,000.00","$3,949.13","$2,050.87",9,N,02/08/2030,ACTIVE,N/A,,80F/20S,,EN,2025240128,D10,
A,0671 010,WEST RUN ROAD,U33167118600,12/18/2025,10/31/2023,"$1,687,546.57","$234,965.72","$1,452,580.85",9,N,11/10/2028,ACTIVE,N,AHMAD DIRAR M,TAPERED MATCH,,CN,2018000006,D4,9/9- PYRL CHRG
A,0901 010,WV 901 & ST ANDREWS DR INTERSECTION STUDY,S20290147500,12/18/2025,11/26/2024,"$24,000.00","$2,766.07","$21,233.93",9,N,10/31/2028,ACTIVE,N/A,,80F/20S,,EN,2023020040,D5,
A,1920 004,STONE RUN RD RR XX,U304019200010,12/18/2025,03/26/2024,"$95,366.70","$4,043.46","$91,323.24",9,N,06/27/2026,ACTIVE,N/A,,90F/10S,,CN,2023040006,D7,
A,1943 001,LCHS ACCESS BRIDGE,S321019430000,12/16/2025,12/15/2025,"$32,000.00",$0.00,"$32,000.00",9,N,06/07/2029,ACTIVE,N/A,,80F/20S,,EN,2025210008,OM,
C,2014 159,ALLEGHENY HIGHLAND TRAIL REPAIR,S342ALLEG100,12/18/2025,09/20/2022,"$317,149.44","$305,286.68","$11,862.76",9,N,03/28/2027,,N/A,,80F/20S,,CN,2014000619,D8,
A,2015 059,RP-328 CORROSION RESEARCH,T699SPR32800,12/29/2025,12/07/2015,"$480,000.00","$377,146.27","$102,853.73",9,N,12/31/2026,ACTIVE,N/A,,80F/20S,,EN,2015001450,"PR, 99:SW",
A,2017 082,HARPERS FERRY HIGH ST 2016,U319HARPE200,12/11/2025,08/12/2019,"$119,828.29","$81,439.66","$38,388.63",9,N,01/15/2029,ACTIVE,N/A,SCOULAR ROBERT M,TOLL CREDIT,,EN,2017000103,PR,
A,2018 193,TIM IMPLEMENTATION & TRAINING,T699TIMIT100,12/18/2025,08/06/2019,"$450,000.00","$141,125.11","$308,874.89",9,N,08/28/2026,ACTIVE,N/A,,90F/10S,,EN,2019000108,"99:SW, OS",
A,2020 072,CSX RR XX SIGNS,U399RRXX100,12/18/2025,09/03/2020,"$787,500.00","$2,078.93","$785,421.07",9,N,06/30/2027,ACTIVE,N/A,,90F/10S,,CN,2020000962,"OS, 99:SW",
A,2022 028,RIDGELEY STREET RR XX,U329-RRX-1. 00,12/18/2025,09/26/2022,"$332,819.99","$230,372.69","$102,447.30",9,N,08/28/2026,ACTIVE,N/A,,80F/20S,,CN,2022290001,D5,
A,2022 099,FOX BRANCH CREEK TRESTLE,U310FOXBR100,12/18/2025,02/20/2025,"$48,000.00","$43,200.00","$4,800.00",9,N,12/28/2029,ACTIVE,N/A,OSAYABA SHARONNIA M,DEPOSIT,,EN,2023100022,PR,
A,2022 128,ALDERSON MEMORIAL BRIDGE REPAIRS,U213ALDER5002,12/18/2025,05/07/2024,"$40,000.00","$29,297.95","$10,702.05",9,N,12/28/2028,ACTIVE,N/A,BRISENDINE RHONDA K,DEPOSIT,,EN,2023130024,PR,
A,2022 131,GREENBRIER RIVER TRAIL BRIDGES,U313GRETR100,12/11/2025,11/01/2023,"$102,101.60","$92,725.78","$9,375.82",9,N,12/28/2028,ACTIVE,N/A,OSAYABA SHARONNIA M,DEPOSIT,,EN,2023130025,PR,
A,2023 077,KEYSER SIDEWALK UPGRADES,U329KEYSE100,12/9/2025,12/09/2025,"$61,809.96",$0.00,"$61,809.96",9,N,12/28/2031,ACTIVE,N/A,OSAYABA SHARONNIA M,DEPOSIT,,EN,2025290001,PR,
A,2023 131,KANAWHA STREET BRIDGE,S327KASB0100,12/18/2025,11/28/2023,"$250,000.00","$222,164.04","$27,835.96",9,N,09/28/2028,ACTIVE,N/A,,100% FED,,EN,2023270001,D1,
A,2023 135,JUNIOR AVENUE BRIDGE,S335JABR0100,12/18/2025,11/04/2024,"$100,000.00",$48.44,"$99,951.56",9,N,11/28/2029,ACTIVE,N/A,,100% FED,,RW,2023350003,D6,
A,2023 176,RAILROAD AVENUE BUCKHANNON RR XX,U349BUCRR0100,12/18/2025,05/08/2023,"$105,963.00","$104,924.67","$1,038.33",9,N,12/28/2026,ACTIVE,N/A,,100% FED,,CN,2023490004,D7,
A,2023 177,LIBERTY STREET BRIDGE,S346LSTB0100,12/18/2025,01/09/2024,"$50,000.00","$2,054.95","$47,945.05",9,N,09/28/2029,ACTIVE,N/A,,100% FED,,EN,2023460001,D4,
A,2023 180,ROOSEVELT AVE BRIDGE,S326RABR0100,12/18/2025,12/14/2023,"$624,000.00","$441,509.60","$182,490.40",9,N,09/28/2029,ACTIVE,N/A,,100% FED,,EN,2023260002,D6,
A,2023 186,VIRGINIA AVENUE BRIDGE (LOST CREEK),S317VABR0100,12/18/2025,01/09/2024,"$50,000.00","$6,552.86","$43,447.14",9,N,12/28/2029,ACTIVE,N/A,,100% FED,,EN,2023170008,D4,
A,2023 231,HARTLAND BRIDGE,S317HABR0100,12/18/2025,12/18/2023,"$600,000.00",$130.39,"$599,869.61",9,N,03/28/2032,ACTIVE,N/A,TOLAYMAT FERAS,100% FED,,EN,2023170013,D4,
A,2023 256,CAMDEN AVENUE BUCKHANNON RR XX,U349CABR0100,12/18/2025,05/08/2023,"$113,670.00","$111,042.00","$2,628.00",9,N,12/28/2026,ACTIVE,N/A,,90F/10S,,CN,2023490005,D7,
A,2024 116,CAPON BRIDGE MAIN STREET SIDEWALK,U314CAPON100,12/9/2025,12/09/2025,"$55,913.60",$0.00,"$55,913.60",9,N,12/28/2029,ACTIVE,N/A,CHAPMAN BRIAN S,DEPOSIT,,EN,2024140007,PR,
A,2025 004,D-3 RECALL STRIPING 2025,S383RECAL2500,12/11/2025,01/16/2025,"$119,049.94","$52,814.98","$66,234.96",9,N,10/28/2027,ACTIVE,N,,80F/20S,,CN,2022830004,D3,
A,2025 056,FY 25 SPR TRAFFIC ENGINEERING,T699SPR2525,12/31/2025,06/25/2024,"$425,000.00","$174,293.40","$250,706.60",9,N,12/28/2028,ACTIVE,N/A,,TOLL CREDIT,,OT,2024990254,"PR, OS",do not know who is responsible
A,NBIS441,USAF AIRMAN FIRST CLASS WILBUR LEE CLAYTON MEMORIAL BRIDGE,T616048137400,12/18/2025,04/29/2024,"$355,200.00","$247,932.01","$107,267.99",9,N,01/01/2034,ACTIVE,N/A,MURRAY WILLIAM R,80F/20S,,OT,2023160028,OM,